date,temperature_2m,relative_humidity_2m,apparent_temperature,is_day,precipitation,rain,showers,snowfall,cloud_cover,wind_speed_10m
2024-03-22 13:43:44,18.899999618530273,34.0,16.361534118652344,1.0,0.0,0.0,0.0,0.0,81.0,5.937272071838379
2024-03-22 13:49:32,18.899999618530273,34.0,16.361534118652344,1.0,0.0,0.0,0.0,0.0,81.0,5.937272071838379
2024-03-22 14:10:29,18.899999618530273,34.0,16.361534118652344,1.0,0.0,0.0,0.0,0.0,81.0,5.937272071838379
2024-03-22 14:49:11,18.899999618530273,29.0,16.165857315063477,1.0,0.0,0.0,0.0,0.0,71.0,4.680000305175781
2024-03-22 15:09:54,18.899999618530273,29.0,16.165857315063477,1.0,0.0,0.0,0.0,0.0,71.0,4.680000305175781
2024-03-22 15:48:57,18.899999618530273,29.0,16.165857315063477,1.0,0.0,0.0,0.0,0.0,71.0,4.680000305175781
2024-03-22 16:13:53,17.850000381469727,41.0,15.511417388916016,1.0,0.0,0.0,0.0,0.0,95.0,6.849466800689697
2024-03-22 16:49:09,17.850000381469727,41.0,15.511417388916016,1.0,0.0,0.0,0.0,0.0,95.0,6.849466800689697
2024-03-22 17:08:59,17.850000381469727,41.0,15.511417388916016,1.0,0.0,0.0,0.0,0.0,95.0,6.849466800689697
2024-03-22 17:49:05,14.649999618530273,50.0,12.493680953979492,0.0,0.0,0.0,0.0,0.0,72.0,5.495161056518555
2024-03-22 18:12:43,14.649999618530273,50.0,12.493680953979492,0.0,0.0,0.0,0.0,0.0,72.0,5.495161056518555
2024-03-22 18:49:40,13.199999809265137,55.0,11.774574279785156,0.0,0.0,0.0,0.0,0.0,82.0,0.5091168880462646
2024-03-22 19:09:46,13.199999809265137,55.0,11.774574279785156,0.0,0.0,0.0,0.0,0.0,82.0,0.5091168880462646
2024-03-22 19:50:29,12.199999809265137,50.0,10.050779342651367,0.0,0.0,0.0,0.0,0.0,79.0,2.5199999809265137
2024-03-22 20:10:37,12.199999809265137,50.0,10.050779342651367,0.0,0.0,0.0,0.0,0.0,79.0,2.5199999809265137
2024-03-22 20:49:10,12.199999809265137,50.0,10.050779342651367,0.0,0.0,0.0,0.0,0.0,79.0,2.5199999809265137
2024-03-22 21:10:05,12.350000381469727,48.0,10.326993942260742,0.0,0.0,0.0,0.0,0.0,59.0,1.1384198665618896
2024-03-22 21:49:27,12.350000381469727,48.0,10.326993942260742,0.0,0.0,0.0,0.0,0.0,59.0,1.1384198665618896
2024-03-22 22:09:51,12.350000381469727,48.0,10.326993942260742,0.0,0.0,0.0,0.0,0.0,59.0,1.1384198665618896
2024-03-22 22:49:02,9.949999809265137,57.0,8.006329536437988,0.0,0.0,0.0,0.0,0.0,76.0,0.8049845099449158
2024-03-22 23:09:40,9.949999809265137,57.0,8.006329536437988,0.0,0.0,0.0,0.0,0.0,76.0,0.8049845099449158
2024-03-22 23:48:54,9.949999809265137,57.0,8.006329536437988,0.0,0.0,0.0,0.0,0.0,76.0,0.8049845099449158
2024-03-23 00:41:35,7.800000190734863,73.0,6.06861686706543,0.0,0.0,0.0,0.0,0.0,81.0,1.1384198665618896
2024-03-23 01:34:10,7.800000190734863,73.0,6.06861686706543,0.0,0.0,0.0,0.0,0.0,81.0,1.1384198665618896
2024-03-23 02:07:27,5.900000095367432,93.0,4.384259223937988,0.0,0.0,0.0,0.0,0.0,34.0,1.8356469869613647
2024-03-23 02:48:57,5.900000095367432,93.0,4.384259223937988,0.0,0.0,0.0,0.0,0.0,34.0,1.8356469869613647
2024-03-23 03:12:14,5.25,96.0,3.64284086227417,0.0,0.0,0.0,0.0,0.0,60.0,2.1897945404052734
2024-03-23 03:48:53,5.25,96.0,3.64284086227417,0.0,0.0,0.0,0.0,0.0,60.0,2.1897945404052734
2024-03-23 04:13:19,6.050000190734863,90.0,4.546113014221191,0.0,0.0,0.0,0.0,0.0,18.0,1.2979984283447266
2024-03-23 04:48:57,6.050000190734863,90.0,4.546113014221191,0.0,0.0,0.0,0.0,0.0,18.0,1.2979984283447266
2024-03-23 05:10:20,6.050000190734863,90.0,4.546113014221191,0.0,0.0,0.0,0.0,0.0,18.0,1.2979984283447266
2024-03-23 05:48:54,5.300000190734863,97.0,3.843465805053711,1.0,0.0,0.0,0.0,0.0,26.0,1.4399999380111694
2024-03-23 06:16:53,5.300000190734863,97.0,3.843465805053711,1.0,0.0,0.0,0.0,0.0,26.0,1.4399999380111694
2024-03-23 06:49:03,7.300000190734863,90.0,6.059491157531738,1.0,0.0,0.0,0.0,0.0,28.0,1.2979984283447266
2024-03-23 07:10:48,7.300000190734863,90.0,6.059491157531738,1.0,0.0,0.0,0.0,0.0,28.0,1.2979984283447266
2024-03-23 07:49:10,10.149999618530273,74.0,8.821260452270508,1.0,0.0,0.0,0.0,0.0,46.0,1.8356469869613647
2024-03-23 08:11:40,10.149999618530273,74.0,8.821260452270508,1.0,0.0,0.0,0.0,0.0,46.0,1.8356469869613647
2024-03-23 09:10:19,14.050000190734863,60.0,12.859237670898438,1.0,0.0,0.0,0.0,0.0,82.0,1.9386591911315918
2024-03-23 09:49:16,14.050000190734863,60.0,12.859237670898438,1.0,0.0,0.0,0.0,0.0,82.0,1.9386591911315918
2024-03-23 10:10:25,17.549999237060547,48.0,16.5692081451416,1.0,0.0,0.0,0.0,0.0,82.0,0.5091168880462646
2024-03-23 10:49:09,17.549999237060547,48.0,16.5692081451416,1.0,0.0,0.0,0.0,0.0,82.0,0.5091168880462646
2024-03-23 11:07:56,17.549999237060547,48.0,16.5692081451416,1.0,0.0,0.0,0.0,0.0,82.0,0.5091168880462646
2024-03-23 11:49:16,19.049999237060547,44.0,16.96727752685547,1.0,0.0,0.0,0.0,0.0,96.0,8.225034713745117
2024-03-23 12:18:04,19.049999237060547,44.0,16.96727752685547,1.0,0.0,0.0,0.0,0.0,96.0,8.225034713745117
2024-03-23 12:54:40,19.700000762939453,37.0,16.062143325805664,1.0,0.0,0.0,0.0,0.0,81.0,19.171478271484375
2024-03-23 13:09:26,19.700000762939453,37.0,16.062143325805664,1.0,0.0,0.0,0.0,0.0,81.0,19.171478271484375
2024-03-23 13:49:14,19.700000762939453,37.0,16.062143325805664,1.0,0.0,0.0,0.0,0.0,81.0,19.171478271484375
2024-03-23 14:08:40,19.350000381469727,33.0,14.753332138061523,1.0,0.0,0.0,0.0,0.0,100.0,20.0180721282959
2024-03-23 14:48:45,19.350000381469727,33.0,14.753332138061523,1.0,0.0,0.0,0.0,0.0,100.0,20.0180721282959
2024-03-23 15:12:21,18.600000381469727,39.0,14.469070434570312,1.0,0.0,0.0,0.0,0.0,100.0,19.079999923706055
2024-03-23 15:48:52,18.600000381469727,39.0,14.469070434570312,1.0,0.0,0.0,0.0,0.0,100.0,19.079999923706055
2024-03-23 16:11:04,18.600000381469727,39.0,14.469070434570312,1.0,0.0,0.0,0.0,0.0,100.0,19.079999923706055
2024-03-23 16:48:54,16.399999618530273,46.0,13.642433166503906,1.0,0.0,0.0,0.0,0.0,100.0,10.195056915283203
2024-03-23 17:09:31,16.399999618530273,46.0,13.642433166503906,1.0,0.0,0.0,0.0,0.0,100.0,10.195056915283203
2024-03-23 17:48:56,10.300000190734863,60.0,6.310871124267578,0.0,0.0,0.0,0.0,0.0,100.0,16.119800567626953
2024-03-23 18:11:36,10.300000190734863,60.0,6.310871124267578,0.0,0.0,0.0,0.0,0.0,100.0,16.119800567626953
2024-03-23 18:48:54,10.300000190734863,60.0,6.310871124267578,0.0,0.0,0.0,0.0,0.0,100.0,16.119800567626953
2024-03-23 19:11:38,6.949999809265137,77.0,2.3228445053100586,0.0,1.0,0.8999999761581421,0.0,0.0,100.0,20.907913208007812
2024-03-23 19:49:04,6.949999809265137,77.0,2.3228445053100586,0.0,1.0,0.8999999761581421,0.0,0.0,100.0,20.907913208007812
2024-03-23 20:10:58,6.949999809265137,77.0,2.3228445053100586,0.0,1.0,0.8999999761581421,0.0,0.0,100.0,20.907913208007812
2024-03-23 20:49:19,5.650000095367432,79.0,1.7743687629699707,0.0,1.399999976158142,1.399999976158142,0.0,0.0,100.0,14.618837356567383
2024-03-23 21:08:50,5.650000095367432,79.0,1.7743687629699707,0.0,1.399999976158142,1.399999976158142,0.0,0.0,100.0,14.618837356567383
2024-03-23 21:48:54,5.650000095367432,79.0,1.7743687629699707,0.0,1.399999976158142,1.399999976158142,0.0,0.0,100.0,14.618837356567383
2024-03-23 22:09:46,5.75,79.0,3.528426170349121,0.0,0.0,0.0,0.0,0.0,100.0,3.396233081817627
2024-03-23 22:48:56,5.75,79.0,3.528426170349121,0.0,0.0,0.0,0.0,0.0,100.0,3.396233081817627
2024-03-23 23:09:29,5.75,79.0,3.528426170349121,0.0,0.0,0.0,0.0,0.0,100.0,3.396233081817627
2024-03-23 23:49:25,4.550000190734863,86.0,1.7234258651733398,0.0,0.0,0.0,0.0,0.0,100.0,7.56856632232666
2024-03-24 00:47:44,4.550000190734863,86.0,1.7234258651733398,0.0,0.0,0.0,0.0,0.0,100.0,7.56856632232666
2024-03-24 01:53:24,3.75,87.0,0.765559196472168,0.0,0.0,0.0,0.0,0.0,100.0,7.895416259765625
2024-03-24 02:21:02,3.75,87.0,0.765559196472168,0.0,0.0,0.0,0.0,0.0,100.0,7.895416259765625
2024-03-24 02:49:04,3.75,87.0,0.765559196472168,0.0,0.0,0.0,0.0,0.0,100.0,7.895416259765625
2024-03-24 03:10:43,3.75,89.0,1.572709083557129,0.0,0.0,0.0,0.0,0.0,100.0,2.741678237915039
2024-03-24 03:49:14,3.75,89.0,1.572709083557129,0.0,0.0,0.0,0.0,0.0,100.0,2.741678237915039
2024-03-24 04:12:19,4.699999809265137,78.0,1.6700172424316406,0.0,0.0,0.0,0.0,0.0,100.0,7.5170207023620605
2024-03-24 04:49:09,4.699999809265137,78.0,1.6700172424316406,0.0,0.0,0.0,0.0,0.0,100.0,7.5170207023620605
2024-03-24 05:10:18,4.699999809265137,78.0,1.6700172424316406,0.0,0.0,0.0,0.0,0.0,100.0,7.5170207023620605
2024-03-24 05:49:07,4.699999809265137,75.0,1.4594345092773438,1.0,0.0,0.0,0.0,0.0,100.0,8.350137710571289
2024-03-24 06:12:57,4.699999809265137,75.0,1.4594345092773438,1.0,0.0,0.0,0.0,0.0,100.0,8.350137710571289
2024-03-24 06:49:06,4.699999809265137,75.0,1.4594345092773438,1.0,0.0,0.0,0.0,0.0,100.0,8.350137710571289
2024-03-24 07:09:02,6.050000190734863,71.0,2.4472312927246094,1.0,0.0,0.0,0.0,0.0,0.0,11.440978050231934
2024-03-24 07:48:45,6.050000190734863,71.0,2.4472312927246094,1.0,0.0,0.0,0.0,0.0,0.0,11.440978050231934
2024-03-24 08:12:04,7.849999904632568,65.0,4.572359085083008,1.0,0.0,0.0,0.0,0.0,0.0,9.779816627502441
2024-03-24 08:49:16,7.849999904632568,65.0,4.572359085083008,1.0,0.0,0.0,0.0,0.0,0.0,9.779816627502441
2024-03-24 09:11:29,7.849999904632568,65.0,4.572359085083008,1.0,0.0,0.0,0.0,0.0,0.0,9.779816627502441
2024-03-24 09:49:13,10.300000190734863,53.0,7.0055036544799805,1.0,0.0,0.0,0.0,0.0,61.0,13.32486343383789
2024-03-24 10:10:54,10.300000190734863,53.0,7.0055036544799805,1.0,0.0,0.0,0.0,0.0,61.0,13.32486343383789
2024-03-24 10:48:53,10.300000190734863,53.0,7.0055036544799805,1.0,0.0,0.0,0.0,0.0,61.0,13.32486343383789
2024-03-24 11:07:59,11.100000381469727,50.0,7.810436248779297,1.0,0.0,0.0,0.0,0.0,0.0,11.885453224182129
2024-03-24 11:49:12,11.100000381469727,50.0,7.810436248779297,1.0,0.0,0.0,0.0,0.0,0.0,11.885453224182129
2024-03-24 12:16:50,11.949999809265137,45.0,8.987568855285645,1.0,0.0,0.0,0.0,0.0,88.0,7.2805495262146
2024-03-24 12:55:05,11.949999809265137,45.0,8.987568855285645,1.0,0.0,0.0,0.0,0.0,88.0,7.2805495262146
2024-03-24 13:11:19,11.949999809265137,45.0,8.987568855285645,1.0,0.0,0.0,0.0,0.0,88.0,7.2805495262146
2024-03-24 13:49:10,12.550000190734863,43.0,9.358360290527344,1.0,0.0,0.0,0.0,0.0,35.0,7.636752605438232
2024-03-24 14:08:48,12.550000190734863,43.0,9.358360290527344,1.0,0.0,0.0,0.0,0.0,35.0,7.636752605438232
2024-03-24 14:48:46,12.550000190734863,43.0,9.358360290527344,1.0,0.0,0.0,0.0,0.0,35.0,7.636752605438232
2024-03-24 15:09:39,11.800000190734863,44.0,7.437005996704102,1.0,0.0,0.0,0.0,0.0,0.0,15.281989097595215
2024-03-24 15:49:10,11.800000190734863,44.0,7.437005996704102,1.0,0.0,0.0,0.0,0.0,0.0,15.281989097595215
2024-03-24 16:11:29,8.449999809265137,72.0,5.103093147277832,1.0,0.0,0.0,0.0,0.0,9.0,12.783802032470703
2024-03-24 16:48:47,8.449999809265137,72.0,5.103093147277832,1.0,0.0,0.0,0.0,0.0,9.0,12.783802032470703
2024-03-24 17:09:29,8.449999809265137,72.0,5.103093147277832,1.0,0.0,0.0,0.0,0.0,9.0,12.783802032470703
2024-03-24 17:48:45,5.099999904632568,79.0,2.8837356567382812,0.0,0.0,0.0,0.0,0.0,71.0,2.595996856689453
2024-03-24 18:14:04,5.099999904632568,79.0,2.8837356567382812,0.0,0.0,0.0,0.0,0.0,71.0,2.595996856689453
2024-03-24 18:48:56,4.050000190734863,81.0,1.6029844284057617,0.0,0.0,0.0,0.0,0.0,85.0,3.396233081817627
2024-03-24 19:09:29,4.050000190734863,81.0,1.6029844284057617,0.0,0.0,0.0,0.0,0.0,85.0,3.396233081817627
2024-03-24 19:49:07,4.5,79.0,2.2111868858337402,0.0,0.0,0.0,0.0,0.0,100.0,2.4149534702301025
2024-03-24 20:09:49,4.5,79.0,2.2111868858337402,0.0,0.0,0.0,0.0,0.0,100.0,2.4149534702301025
2024-03-24 20:49:31,4.0,79.0,1.6314802169799805,0.0,0.0,0.0,0.0,0.0,100.0,2.4149534702301025
2024-03-24 21:08:55,4.0,79.0,1.6314802169799805,0.0,0.0,0.0,0.0,0.0,100.0,2.4149534702301025
2024-03-24 21:48:48,4.0,79.0,1.6314802169799805,0.0,0.0,0.0,0.0,0.0,100.0,2.4149534702301025
2024-03-24 22:11:01,4.150000095367432,75.0,1.7368950843811035,0.0,0.0,0.0,0.0,0.0,100.0,2.099142551422119
2024-03-24 22:49:22,4.150000095367432,75.0,1.7368950843811035,0.0,0.0,0.0,0.0,0.0,100.0,2.099142551422119
2024-03-24 23:11:27,3.049999952316284,79.0,0.48903989791870117,0.0,0.0,0.0,0.0,0.0,100.0,2.741678237915039
2024-03-24 23:49:08,3.049999952316284,79.0,0.48903989791870117,0.0,0.0,0.0,0.0,0.0,100.0,2.741678237915039
2024-03-25 00:45:08,2.0999999046325684,82.0,-0.5467026233673096,0.0,0.0,0.0,0.0,0.0,0.0,2.9024126529693604
2024-03-25 01:39:04,2.0999999046325684,82.0,-0.5467026233673096,0.0,0.0,0.0,0.0,0.0,0.0,2.9024126529693604
2024-03-25 02:14:08,1.75,78.0,-0.9560916423797607,0.0,0.0,0.0,0.0,0.0,0.0,2.3051247596740723
2024-03-25 02:48:41,1.75,78.0,-0.9560916423797607,0.0,0.0,0.0,0.0,0.0,0.0,2.3051247596740723
2024-03-25 03:12:53,1.75,78.0,-0.9560916423797607,0.0,0.0,0.0,0.0,0.0,0.0,2.3051247596740723
2024-03-25 03:49:06,3.9000000953674316,59.0,0.8084321022033691,0.0,0.0,0.0,0.0,0.0,0.0,3.415259599685669
2024-03-25 04:13:29,3.9000000953674316,59.0,0.8084321022033691,0.0,0.0,0.0,0.0,0.0,0.0,3.415259599685669
2024-03-25 04:49:27,4.099999904632568,59.0,0.740687370300293,0.0,0.0,0.0,0.0,0.0,0.0,5.411986351013184
2024-03-25 05:12:13,4.099999904632568,59.0,0.740687370300293,0.0,0.0,0.0,0.0,0.0,0.0,5.411986351013184
2024-03-25 05:49:35,5.050000190734863,56.0,1.5532383918762207,1.0,0.0,0.0,0.0,0.0,0.0,6.519876956939697
2024-03-25 06:13:56,5.050000190734863,56.0,1.5532383918762207,1.0,0.0,0.0,0.0,0.0,0.0,6.519876956939697
2024-03-25 06:49:03,5.050000190734863,56.0,1.5532383918762207,1.0,0.0,0.0,0.0,0.0,0.0,6.519876956939697
2024-03-25 07:10:30,7.699999809265137,48.0,4.151941299438477,1.0,0.0,0.0,0.0,0.0,0.0,7.208993911743164
2024-03-25 07:48:56,7.699999809265137,48.0,4.151941299438477,1.0,0.0,0.0,0.0,0.0,0.0,7.208993911743164
2024-03-25 08:15:00,9.899999618530273,48.0,6.4231157302856445,1.0,0.0,0.0,0.0,0.0,65.0,8.647496223449707
2024-03-25 08:49:12,9.899999618530273,48.0,6.4231157302856445,1.0,0.0,0.0,0.0,0.0,65.0,8.647496223449707
2024-03-25 09:10:53,9.899999618530273,48.0,6.4231157302856445,1.0,0.0,0.0,0.0,0.0,65.0,8.647496223449707
2024-03-25 09:50:39,11.850000381469727,35.0,8.168468475341797,1.0,0.0,0.0,0.0,0.0,0.0,13.039753913879395
2024-03-25 10:11:11,11.850000381469727,35.0,8.168468475341797,1.0,0.0,0.0,0.0,0.0,0.0,13.039753913879395
2024-03-25 10:49:08,11.850000381469727,35.0,8.168468475341797,1.0,0.0,0.0,0.0,0.0,0.0,13.039753913879395
2024-03-25 11:10:00,12.399999618530273,33.0,8.996184349060059,1.0,0.0,0.0,0.0,0.0,60.0,10.041354179382324
2024-03-25 11:48:50,12.399999618530273,33.0,8.996184349060059,1.0,0.0,0.0,0.0,0.0,60.0,10.041354179382324
2024-03-25 12:17:05,13.199999809265137,31.0,10.344686508178711,1.0,0.0,0.0,0.0,0.0,0.0,5.191993713378906
2024-03-25 12:56:08,13.199999809265137,31.0,10.344686508178711,1.0,0.0,0.0,0.0,0.0,0.0,5.191993713378906
2024-03-25 13:11:09,13.199999809265137,31.0,10.344686508178711,1.0,0.0,0.0,0.0,0.0,0.0,5.191993713378906
2024-03-25 13:48:48,13.449999809265137,33.0,10.427329063415527,1.0,0.0,0.0,0.0,0.0,0.0,3.7064266204833984
2024-03-25 14:09:45,13.449999809265137,33.0,10.427329063415527,1.0,0.0,0.0,0.0,0.0,0.0,3.7064266204833984
2024-03-25 14:49:01,13.5,36.0,10.494318962097168,1.0,0.0,0.0,0.0,0.0,0.0,4.735060214996338
2024-03-25 15:11:38,13.5,36.0,10.494318962097168,1.0,0.0,0.0,0.0,0.0,0.0,4.735060214996338
2024-03-25 15:49:08,12.699999809265137,42.0,9.698448181152344,1.0,0.0,0.0,0.0,0.0,89.0,6.130578994750977
2024-03-25 16:12:45,12.699999809265137,42.0,9.698448181152344,1.0,0.0,0.0,0.0,0.0,89.0,6.130578994750977
2024-03-25 16:51:24,10.899999618530273,47.0,7.932661056518555,1.0,0.0,0.0,0.0,0.0,0.0,5.804825305938721
2024-03-25 17:10:10,10.899999618530273,47.0,7.932661056518555,1.0,0.0,0.0,0.0,0.0,0.0,5.804825305938721
2024-03-25 17:48:54,10.899999618530273,47.0,7.932661056518555,1.0,0.0,0.0,0.0,0.0,0.0,5.804825305938721
2024-03-25 18:14:05,8.199999809265137,54.0,5.160554885864258,0.0,0.0,0.0,0.0,0.0,5.0,5.692099094390869
2024-03-25 18:49:01,8.199999809265137,54.0,5.160554885864258,0.0,0.0,0.0,0.0,0.0,5.0,5.692099094390869
2024-03-25 19:08:53,8.199999809265137,54.0,5.160554885864258,0.0,0.0,0.0,0.0,0.0,5.0,5.692099094390869
2024-03-25 19:49:04,6.199999809265137,56.0,3.1611294746398926,0.0,0.0,0.0,0.0,0.0,9.0,4.349896430969238
2024-03-25 20:11:01,6.199999809265137,56.0,3.1611294746398926,0.0,0.0,0.0,0.0,0.0,9.0,4.349896430969238
2024-03-25 20:49:08,4.099999904632568,72.0,1.4160652160644531,0.0,0.0,0.0,0.0,0.0,100.0,3.3190360069274902
2024-03-25 21:09:58,4.099999904632568,72.0,1.4160652160644531,0.0,0.0,0.0,0.0,0.0,100.0,3.3190360069274902
2024-03-25 21:49:01,4.099999904632568,72.0,1.4160652160644531,0.0,0.0,0.0,0.0,0.0,100.0,3.3190360069274902
2024-03-25 22:10:27,3.049999952316284,84.0,0.6890349388122559,0.0,0.0,0.0,0.0,0.0,100.0,2.2768397331237793
2024-03-25 22:49:07,3.049999952316284,84.0,0.6890349388122559,0.0,0.0,0.0,0.0,0.0,100.0,2.2768397331237793
2024-03-25 23:10:07,3.049999952316284,84.0,0.6890349388122559,0.0,0.0,0.0,0.0,0.0,100.0,2.2768397331237793
2024-03-25 23:48:46,3.799999952316284,67.0,1.0817475318908691,0.0,0.0,0.0,0.0,0.0,100.0,2.3051247596740723
2024-03-26 00:44:03,3.799999952316284,67.0,1.0817475318908691,0.0,0.0,0.0,0.0,0.0,100.0,2.3051247596740723
2024-03-26 01:36:36,1.600000023841858,76.0,-1.2089457511901855,0.0,0.0,0.0,0.0,0.0,29.0,2.545584201812744
2024-03-26 02:06:35,1.600000023841858,76.0,-1.2089457511901855,0.0,0.0,0.0,0.0,0.0,29.0,2.545584201812744
2024-03-26 02:50:25,1.649999976158142,69.0,-1.7362289428710938,0.0,0.0,0.0,0.0,0.0,100.0,5.399999618530273
2024-03-26 03:10:32,1.649999976158142,69.0,-1.7362289428710938,0.0,0.0,0.0,0.0,0.0,100.0,5.399999618530273
2024-03-26 03:49:05,1.649999976158142,69.0,-1.7362289428710938,0.0,0.0,0.0,0.0,0.0,100.0,5.399999618530273
2024-03-26 04:13:07,2.200000047683716,68.0,-1.4397130012512207,0.0,0.0,0.0,0.0,0.0,100.0,7.4215898513793945
2024-03-26 04:49:09,2.200000047683716,68.0,-1.4397130012512207,0.0,0.0,0.0,0.0,0.0,100.0,7.4215898513793945
2024-03-26 05:09:55,2.200000047683716,68.0,-1.4397130012512207,0.0,0.0,0.0,0.0,0.0,100.0,7.4215898513793945
2024-03-26 05:49:05,4.150000095367432,60.0,-0.09969091415405273,1.0,0.0,0.0,0.0,0.0,100.0,11.753875732421875
2024-03-26 06:13:43,4.150000095367432,60.0,-0.09969091415405273,1.0,0.0,0.0,0.0,0.0,100.0,11.753875732421875
2024-03-26 06:49:08,6.699999809265137,53.0,2.059072494506836,1.0,0.0,0.0,0.0,0.0,100.0,15.077081680297852
2024-03-26 07:09:28,6.699999809265137,53.0,2.059072494506836,1.0,0.0,0.0,0.0,0.0,100.0,15.077081680297852
2024-03-26 07:49:19,10.25,41.0,5.269109725952148,1.0,0.0,0.0,0.0,0.0,100.0,17.208602905273438
2024-03-26 08:13:18,10.25,41.0,5.269109725952148,1.0,0.0,0.0,0.0,0.0,100.0,17.208602905273438
2024-03-26 08:48:56,10.25,41.0,5.269109725952148,1.0,0.0,0.0,0.0,0.0,100.0,17.208602905273438
2024-03-26 09:10:49,13.149999618530273,36.0,8.37656307220459,1.0,0.0,0.0,0.0,0.0,4.0,18.05750846862793
2024-03-26 09:49:09,13.149999618530273,36.0,8.37656307220459,1.0,0.0,0.0,0.0,0.0,4.0,18.05750846862793
2024-03-26 10:13:10,13.800000190734863,36.0,9.320845603942871,1.0,0.0,0.0,0.0,0.0,94.0,18.363529205322266
2024-03-26 10:48:59,13.800000190734863,36.0,9.320845603942871,1.0,0.0,0.0,0.0,0.0,94.0,18.363529205322266
2024-03-26 11:09:41,13.800000190734863,36.0,9.320845603942871,1.0,0.0,0.0,0.0,0.0,94.0,18.363529205322266
2024-03-26 11:49:09,14.649999618530273,36.0,10.04305362701416,1.0,0.0,0.0,0.0,0.0,100.0,18.709611892700195
2024-03-26 12:18:17,14.649999618530273,36.0,10.04305362701416,1.0,0.0,0.0,0.0,0.0,100.0,18.709611892700195
2024-03-26 12:54:44,15.399999618530273,36.0,10.754724502563477,1.0,0.0,0.0,0.0,0.0,100.0,17.709657669067383
2024-03-26 13:10:50,15.399999618530273,36.0,10.754724502563477,1.0,0.0,0.0,0.0,0.0,100.0,17.709657669067383
2024-03-26 13:49:13,15.399999618530273,36.0,10.754724502563477,1.0,0.0,0.0,0.0,0.0,100.0,17.709657669067383
2024-03-26 14:10:23,15.199999809265137,35.0,10.456210136413574,1.0,0.0,0.0,0.0,0.0,100.0,17.78268814086914
2024-03-26 14:49:22,15.199999809265137,35.0,10.456210136413574,1.0,0.0,0.0,0.0,0.0,100.0,17.78268814086914
2024-03-26 15:10:03,15.199999809265137,35.0,10.456210136413574,1.0,0.0,0.0,0.0,0.0,100.0,17.78268814086914
2024-03-26 15:49:26,13.449999809265137,41.0,9.015325546264648,1.0,0.0,0.0,0.0,0.0,100.0,16.327497482299805
2024-03-26 16:14:02,13.449999809265137,41.0,9.015325546264648,1.0,0.0,0.0,0.0,0.0,100.0,16.327497482299805
2024-03-26 16:49:09,13.449999809265137,41.0,9.015325546264648,1.0,0.0,0.0,0.0,0.0,100.0,16.327497482299805
2024-03-26 17:12:37,11.949999809265137,39.0,7.700931549072266,1.0,0.0,0.0,0.0,0.0,99.0,12.979984283447266
2024-03-26 17:49:04,11.949999809265137,39.0,7.700931549072266,1.0,0.0,0.0,0.0,0.0,99.0,12.979984283447266
2024-03-26 18:13:00,10.800000190734863,46.0,7.149157524108887,0.0,0.0,0.0,0.0,0.0,99.0,10.086426734924316
2024-03-26 18:49:03,10.800000190734863,46.0,7.149157524108887,0.0,0.0,0.0,0.0,0.0,99.0,10.086426734924316
2024-03-26 19:11:51,10.800000190734863,46.0,7.149157524108887,0.0,0.0,0.0,0.0,0.0,99.0,10.086426734924316
2024-03-26 19:50:42,10.75,47.0,8.07267951965332,0.0,0.0,0.0,0.0,0.0,85.0,3.6712939739227295
2024-03-26 20:11:05,10.75,47.0,8.07267951965332,0.0,0.0,0.0,0.0,0.0,85.0,3.6712939739227295
2024-03-26 20:50:06,10.75,47.0,8.07267951965332,0.0,0.0,0.0,0.0,0.0,85.0,3.6712939739227295
2024-03-26 21:10:22,9.899999618530273,56.0,7.691205024719238,0.0,0.0,0.0,0.0,0.0,100.0,2.2768397331237793
2024-03-26 21:49:01,9.899999618530273,56.0,7.691205024719238,0.0,0.0,0.0,0.0,0.0,100.0,2.2768397331237793
2024-03-26 22:10:20,9.899999618530273,56.0,7.691205024719238,0.0,0.0,0.0,0.0,0.0,100.0,2.2768397331237793
2024-03-26 22:49:35,9.649999618530273,57.0,6.995012283325195,0.0,0.0,0.0,0.0,0.0,100.0,5.351784706115723
2024-03-26 23:11:05,9.649999618530273,57.0,6.995012283325195,0.0,0.0,0.0,0.0,0.0,100.0,5.351784706115723
2024-03-26 23:49:10,9.649999618530273,57.0,6.995012283325195,0.0,0.0,0.0,0.0,0.0,100.0,5.351784706115723
2024-03-27 00:42:54,9.050000190734863,60.0,6.3848981857299805,0.0,0.0,0.0,0.0,0.0,99.0,5.600285530090332
2024-03-27 01:37:10,9.050000190734863,60.0,6.3848981857299805,0.0,0.0,0.0,0.0,0.0,99.0,5.600285530090332
2024-03-27 02:07:22,9.25,60.0,6.310634613037109,0.0,0.0,0.0,0.0,0.0,100.0,7.704335689544678
2024-03-27 02:49:02,9.25,60.0,6.310634613037109,0.0,0.0,0.0,0.0,0.0,100.0,7.704335689544678
2024-03-27 03:11:01,9.649999618530273,57.0,6.958772659301758,0.0,0.0,0.0,0.0,0.0,100.0,5.600285530090332
2024-03-27 03:49:07,9.649999618530273,57.0,6.958772659301758,0.0,0.0,0.0,0.0,0.0,100.0,5.600285530090332
2024-03-27 04:14:10,9.300000190734863,60.0,5.817318916320801,0.0,0.0,0.0,0.0,0.0,100.0,11.486200332641602
2024-03-27 04:48:45,9.300000190734863,60.0,5.817318916320801,0.0,0.0,0.0,0.0,0.0,100.0,11.486200332641602
2024-03-27 05:12:05,9.300000190734863,60.0,5.817318916320801,0.0,0.0,0.0,0.0,0.0,100.0,11.486200332641602
2024-03-27 05:48:44,8.699999809265137,63.0,5.608720779418945,1.0,0.0,0.0,0.0,0.0,100.0,8.942214012145996
2024-03-27 06:13:58,8.699999809265137,63.0,5.608720779418945,1.0,0.0,0.0,0.0,0.0,100.0,8.942214012145996
2024-03-27 06:49:08,9.699999809265137,63.0,6.968188285827637,1.0,0.0,0.0,0.0,0.0,98.0,7.65370512008667
2024-03-27 07:10:22,9.699999809265137,63.0,6.968188285827637,1.0,0.0,0.0,0.0,0.0,98.0,7.65370512008667
2024-03-27 07:49:02,9.699999809265137,63.0,6.968188285827637,1.0,0.0,0.0,0.0,0.0,98.0,7.65370512008667
2024-03-27 08:15:02,12.25,58.0,8.81371784210205,1.0,0.0,0.0,0.0,0.0,96.0,14.118243217468262
2024-03-27 08:49:08,12.25,58.0,8.81371784210205,1.0,0.0,0.0,0.0,0.0,96.0,14.118243217468262
2024-03-27 09:12:02,12.25,58.0,8.81371784210205,1.0,0.0,0.0,0.0,0.0,96.0,14.118243217468262
2024-03-27 09:49:50,14.199999809265137,56.0,11.005721092224121,1.0,0.0,0.0,0.0,0.0,100.0,14.578887939453125
2024-03-27 10:10:51,14.199999809265137,56.0,11.005721092224121,1.0,0.0,0.0,0.0,0.0,100.0,14.578887939453125
2024-03-27 10:48:50,14.199999809265137,56.0,11.005721092224121,1.0,0.0,0.0,0.0,0.0,100.0,14.578887939453125
2024-03-27 11:09:04,15.949999809265137,54.0,12.211019515991211,1.0,0.0,0.0,0.0,0.0,100.0,19.799999237060547
2024-03-27 11:49:09,15.949999809265137,54.0,12.211019515991211,1.0,0.0,0.0,0.0,0.0,100.0,19.799999237060547
2024-03-27 12:17:54,17.149999618530273,52.0,13.29011344909668,1.0,0.0,0.0,0.0,0.0,100.0,21.542922973632812
2024-03-27 12:55:39,17.149999618530273,52.0,13.29011344909668,1.0,0.0,0.0,0.0,0.0,100.0,21.542922973632812
2024-03-27 13:10:18,17.149999618530273,52.0,13.29011344909668,1.0,0.0,0.0,0.0,0.0,100.0,21.542922973632812
2024-03-27 13:48:56,17.399999618530273,55.0,14.484193801879883,1.0,0.0,0.0,0.0,0.0,100.0,16.873979568481445
2024-03-27 14:10:39,17.399999618530273,55.0,14.484193801879883,1.0,0.0,0.0,0.0,0.0,100.0,16.873979568481445
2024-03-27 14:50:30,16.75,61.0,14.540327072143555,1.0,0.0,0.0,0.0,0.0,100.0,13.708391189575195
2024-03-27 15:13:09,16.75,61.0,14.540327072143555,1.0,0.0,0.0,0.0,0.0,100.0,13.708391189575195
2024-03-27 15:48:54,16.75,61.0,14.540327072143555,1.0,0.0,0.0,0.0,0.0,100.0,13.708391189575195
2024-03-27 16:13:58,16.350000381469727,65.0,15.014701843261719,1.0,0.0,0.0,0.0,0.0,100.0,8.78872013092041
2024-03-27 16:49:33,16.350000381469727,65.0,15.014701843261719,1.0,0.0,0.0,0.0,0.0,100.0,8.78872013092041
2024-03-27 17:08:48,16.350000381469727,65.0,15.014701843261719,1.0,0.0,0.0,0.0,0.0,100.0,8.78872013092041
2024-03-27 17:48:44,14.199999809265137,85.0,13.45217514038086,0.0,0.20000000298023224,0.10000000149011612,0.0,0.0,100.0,8.766572952270508
2024-03-27 18:13:18,14.199999809265137,85.0,13.45217514038086,0.0,0.20000000298023224,0.10000000149011612,0.0,0.0,100.0,8.766572952270508
2024-03-27 18:50:03,13.399999618530273,92.0,12.946372985839844,0.0,0.10000000149011612,0.10000000149011612,0.0,0.0,100.0,7.65370512008667
2024-03-27 19:08:33,13.399999618530273,92.0,12.946372985839844,0.0,0.10000000149011612,0.10000000149011612,0.0,0.0,100.0,7.65370512008667
2024-03-27 19:48:58,13.399999618530273,92.0,12.946372985839844,0.0,0.10000000149011612,0.10000000149011612,0.0,0.0,100.0,7.65370512008667
2024-03-27 20:11:31,13.449999809265137,80.0,12.057544708251953,0.0,0.10000000149011612,0.10000000149011612,0.0,0.0,100.0,9.793058395385742
2024-03-27 20:49:42,13.449999809265137,80.0,12.057544708251953,0.0,0.10000000149011612,0.10000000149011612,0.0,0.0,100.0,9.793058395385742
2024-03-27 21:08:57,13.449999809265137,80.0,12.057544708251953,0.0,0.10000000149011612,0.10000000149011612,0.0,0.0,100.0,9.793058395385742
2024-03-27 21:48:43,11.649999618530273,72.0,8.916813850402832,0.0,0.0,0.0,0.0,0.0,100.0,13.10419750213623
2024-03-27 22:11:16,11.649999618530273,72.0,8.916813850402832,0.0,0.0,0.0,0.0,0.0,100.0,13.10419750213623
2024-03-27 22:49:47,11.25,67.0,8.266029357910156,0.0,0.0,0.0,0.0,0.0,100.0,12.620553970336914
2024-03-27 23:09:59,11.25,67.0,8.266029357910156,0.0,0.0,0.0,0.0,0.0,100.0,12.620553970336914
2024-03-27 23:49:19,11.25,67.0,8.266029357910156,0.0,0.0,0.0,0.0,0.0,100.0,12.620553970336914
2024-03-28 00:43:01,12.0,47.0,7.4038543701171875,0.0,0.0,0.0,0.0,0.0,100.0,18.075441360473633
2024-03-28 01:37:29,12.0,47.0,7.4038543701171875,0.0,0.0,0.0,0.0,0.0,100.0,18.075441360473633
2024-03-28 02:16:03,10.800000190734863,46.0,7.16801643371582,0.0,0.0,0.0,0.0,0.0,0.0,9.957107543945312
2024-03-28 02:50:02,10.800000190734863,46.0,7.16801643371582,0.0,0.0,0.0,0.0,0.0,0.0,9.957107543945312
2024-03-28 03:11:08,10.800000190734863,46.0,7.16801643371582,0.0,0.0,0.0,0.0,0.0,0.0,9.957107543945312
2024-03-28 03:49:36,9.399999618530273,58.0,4.046828269958496,0.0,0.0,0.0,0.0,0.0,100.0,23.86341094970703
2024-03-28 04:12:06,9.399999618530273,58.0,4.046828269958496,0.0,0.0,0.0,0.0,0.0,100.0,23.86341094970703
2024-03-28 04:49:03,9.399999618530273,58.0,4.046828269958496,0.0,0.0,0.0,0.0,0.0,100.0,23.86341094970703
2024-03-28 05:12:08,9.300000190734863,62.0,2.9843287467956543,1.0,0.0,0.0,0.0,0.0,0.0,31.470672607421875
2024-03-28 05:48:48,9.300000190734863,62.0,2.9843287467956543,1.0,0.0,0.0,0.0,0.0,0.0,31.470672607421875
2024-03-28 06:13:11,9.699999809265137,60.0,3.5174574851989746,1.0,0.0,0.0,0.0,0.0,0.0,30.455659866333008
2024-03-28 06:49:08,9.699999809265137,60.0,3.5174574851989746,1.0,0.0,0.0,0.0,0.0,0.0,30.455659866333008
2024-03-28 07:09:41,9.699999809265137,60.0,3.5174574851989746,1.0,0.0,0.0,0.0,0.0,0.0,30.455659866333008
2024-03-28 07:49:12,12.350000381469727,50.0,7.603447914123535,1.0,0.0,0.0,0.0,0.0,0.0,20.497882843017578
2024-03-28 08:12:37,12.350000381469727,50.0,7.603447914123535,1.0,0.0,0.0,0.0,0.0,0.0,20.497882843017578
2024-03-28 08:48:52,12.350000381469727,50.0,7.603447914123535,1.0,0.0,0.0,0.0,0.0,0.0,20.497882843017578
2024-03-28 09:11:51,14.050000190734863,44.0,8.83433723449707,1.0,0.0,0.0,0.0,0.0,100.0,24.819122314453125
2024-03-28 09:48:43,14.050000190734863,44.0,8.83433723449707,1.0,0.0,0.0,0.0,0.0,100.0,24.819122314453125
2024-03-28 10:10:38,14.050000190734863,44.0,8.83433723449707,1.0,0.0,0.0,0.0,0.0,100.0,24.819122314453125
2024-03-28 10:49:15,14.699999809265137,45.0,9.448556900024414,1.0,0.0,0.0,0.0,0.0,100.0,26.613229751586914
2024-03-28 11:11:06,14.699999809265137,45.0,9.448556900024414,1.0,0.0,0.0,0.0,0.0,100.0,26.613229751586914
2024-03-28 11:49:23,14.25,50.0,9.79167366027832,1.0,0.0,0.0,0.0,0.0,100.0,20.774213790893555
2024-03-28 12:18:41,14.25,50.0,9.79167366027832,1.0,0.0,0.0,0.0,0.0,100.0,20.774213790893555
2024-03-28 12:55:19,13.600000381469727,58.0,9.763151168823242,1.0,0.20000000298023224,0.0,0.10000000149011612,0.0,100.0,18.681882858276367
2024-03-28 13:10:33,13.600000381469727,58.0,9.763151168823242,1.0,0.20000000298023224,0.0,0.10000000149011612,0.0,100.0,18.681882858276367
2024-03-28 13:49:11,13.600000381469727,58.0,9.763151168823242,1.0,0.20000000298023224,0.0,0.10000000149011612,0.0,100.0,18.681882858276367
2024-03-28 14:10:46,11.5,70.0,8.921416282653809,1.0,0.10000000149011612,0.0,0.0,0.0,100.0,11.165804862976074
2024-03-28 14:51:08,11.5,70.0,8.921416282653809,1.0,0.10000000149011612,0.0,0.0,0.0,100.0,11.165804862976074
2024-03-28 15:15:17,11.649999618530273,70.0,9.115317344665527,1.0,0.30000001192092896,0.20000000298023224,0.20000000298023224,0.0,100.0,11.090103149414062
2024-03-28 15:49:31,11.649999618530273,70.0,9.115317344665527,1.0,0.30000001192092896,0.20000000298023224,0.20000000298023224,0.0,100.0,11.090103149414062
2024-03-28 16:13:59,11.649999618530273,70.0,9.115317344665527,1.0,0.30000001192092896,0.20000000298023224,0.20000000298023224,0.0,100.0,11.090103149414062
2024-03-28 16:49:06,10.449999809265137,83.0,7.823301315307617,1.0,0.10000000149011612,0.0,0.0,0.0,100.0,13.891522407531738
2024-03-28 17:10:12,10.449999809265137,83.0,7.823301315307617,1.0,0.10000000149011612,0.0,0.0,0.0,100.0,13.891522407531738
2024-03-28 17:49:25,9.899999618530273,88.0,7.711732864379883,0.0,1.0,0.20000000298023224,0.10000000149011612,0.0,100.0,11.43531322479248
2024-03-28 18:12:38,9.899999618530273,88.0,7.711732864379883,0.0,1.0,0.20000000298023224,0.10000000149011612,0.0,100.0,11.43531322479248
2024-03-28 18:48:56,9.899999618530273,88.0,7.711732864379883,0.0,1.0,0.20000000298023224,0.10000000149011612,0.0,100.0,11.43531322479248
2024-03-28 19:08:12,9.449999809265137,91.0,7.753904342651367,0.0,0.0,0.0,0.0,0.0,99.0,8.145870208740234
2024-03-28 19:48:43,9.449999809265137,91.0,7.753904342651367,0.0,0.0,0.0,0.0,0.0,99.0,8.145870208740234
2024-03-28 20:16:35,9.5,90.0,8.591946601867676,0.0,0.0,0.0,0.0,0.0,92.0,2.545584201812744
2024-03-28 20:48:51,9.5,90.0,8.591946601867676,0.0,0.0,0.0,0.0,0.0,92.0,2.545584201812744
2024-03-28 21:10:02,9.5,90.0,8.591946601867676,0.0,0.0,0.0,0.0,0.0,92.0,2.545584201812744
2024-03-28 21:51:32,8.449999809265137,74.0,5.635546684265137,0.0,0.0,0.0,0.0,0.0,67.0,9.65981388092041
2024-03-28 22:10:13,8.449999809265137,74.0,5.635546684265137,0.0,0.0,0.0,0.0,0.0,67.0,9.65981388092041
2024-03-28 22:49:38,8.449999809265137,74.0,5.635546684265137,0.0,0.0,0.0,0.0,0.0,67.0,9.65981388092041
2024-03-28 23:10:33,7.050000190734863,76.0,4.919960975646973,0.0,0.0,0.0,0.0,0.0,58.0,3.6712939739227295
2024-03-28 23:49:42,7.050000190734863,76.0,4.919960975646973,0.0,0.0,0.0,0.0,0.0,58.0,3.6712939739227295
2024-03-29 00:42:31,5.949999809265137,91.0,4.17216682434082,0.0,0.0,0.0,0.0,0.0,41.0,3.2599384784698486
2024-03-29 01:36:16,5.949999809265137,91.0,4.17216682434082,0.0,0.0,0.0,0.0,0.0,41.0,3.2599384784698486
2024-03-29 02:06:46,5.5,92.0,3.654473304748535,0.0,0.0,0.0,0.0,0.0,30.0,3.3190360069274902
2024-03-29 02:52:12,5.5,92.0,3.654473304748535,0.0,0.0,0.0,0.0,0.0,30.0,3.3190360069274902
2024-03-29 03:10:47,4.900000095367432,92.0,2.762573719024658,0.0,0.0,0.0,0.0,0.0,100.0,4.510787010192871
2024-03-29 03:48:59,4.900000095367432,92.0,2.762573719024658,0.0,0.0,0.0,0.0,0.0,100.0,4.510787010192871
2024-03-29 04:13:06,4.699999809265137,91.0,2.258249282836914,0.0,0.0,0.0,0.0,0.0,100.0,6.130578517913818
2024-03-29 04:49:10,4.699999809265137,91.0,2.258249282836914,0.0,0.0,0.0,0.0,0.0,100.0,6.130578517913818
2024-03-29 05:11:01,4.699999809265137,91.0,2.258249282836914,0.0,0.0,0.0,0.0,0.0,100.0,6.130578517913818
2024-03-29 05:48:51,5.25,92.0,3.622298240661621,1.0,0.0,0.0,0.0,0.0,100.0,1.4843180179595947
2024-03-29 06:13:10,5.25,92.0,3.622298240661621,1.0,0.0,0.0,0.0,0.0,100.0,1.4843180179595947
2024-03-29 06:49:09,8.199999809265137,85.0,6.215682029724121,1.0,0.0,0.0,0.0,0.0,100.0,6.489992141723633
2024-03-29 07:10:34,8.199999809265137,85.0,6.215682029724121,1.0,0.0,0.0,0.0,0.0,100.0,6.489992141723633
2024-03-29 07:49:18,11.100000381469727,76.0,8.196089744567871,1.0,0.0,0.0,0.0,0.0,100.0,14.693999290466309
2024-03-29 08:12:34,11.100000381469727,76.0,8.196089744567871,1.0,0.0,0.0,0.0,0.0,100.0,14.693999290466309
2024-03-29 08:49:22,14.850000381469727,65.0,11.75088119506836,1.0,0.0,0.0,0.0,0.0,100.0,18.250259399414062
2024-03-29 09:09:53,14.850000381469727,65.0,11.75088119506836,1.0,0.0,0.0,0.0,0.0,100.0,18.250259399414062
2024-03-29 09:49:05,14.850000381469727,65.0,11.75088119506836,1.0,0.0,0.0,0.0,0.0,100.0,18.250259399414062
2024-03-29 10:11:18,17.950000762939453,51.0,14.757524490356445,1.0,0.0,0.0,0.0,0.0,64.0,18.250259399414062
2024-03-29 10:49:10,17.950000762939453,51.0,14.757524490356445,1.0,0.0,0.0,0.0,0.0,64.0,18.250259399414062
2024-03-29 11:10:33,17.950000762939453,51.0,14.757524490356445,1.0,0.0,0.0,0.0,0.0,64.0,18.250259399414062
2024-03-29 11:48:59,17.700000762939453,57.0,14.801719665527344,1.0,0.0,0.0,0.0,0.0,100.0,18.214717864990234
2024-03-29 12:18:25,17.700000762939453,57.0,14.801719665527344,1.0,0.0,0.0,0.0,0.0,100.0,18.214717864990234
2024-03-29 12:55:12,17.850000381469727,58.0,15.192636489868164,1.0,0.0,0.0,0.0,0.0,100.0,17.309972763061523
2024-03-29 13:10:51,17.850000381469727,58.0,15.192636489868164,1.0,0.0,0.0,0.0,0.0,100.0,17.309972763061523
2024-03-29 13:49:06,17.850000381469727,58.0,15.192636489868164,1.0,0.0,0.0,0.0,0.0,100.0,17.309972763061523
2024-03-29 14:12:07,16.899999618530273,66.0,14.909172058105469,1.0,0.0,0.0,0.0,0.0,100.0,14.764389038085938
2024-03-29 14:49:27,16.899999618530273,66.0,14.909172058105469,1.0,0.0,0.0,0.0,0.0,100.0,14.764389038085938
2024-03-29 15:09:50,16.899999618530273,66.0,14.909172058105469,1.0,0.0,0.0,0.0,0.0,100.0,14.764389038085938
2024-03-29 15:49:31,16.75,64.0,14.545038223266602,1.0,0.0,0.0,0.0,0.0,100.0,15.038350105285645
2024-03-29 16:11:57,16.75,64.0,14.545038223266602,1.0,0.0,0.0,0.0,0.0,100.0,15.038350105285645
2024-03-29 16:48:57,16.75,64.0,14.545038223266602,1.0,0.0,0.0,0.0,0.0,100.0,15.038350105285645
2024-03-29 17:09:40,15.699999809265137,68.0,11.362913131713867,1.0,0.0,0.0,0.0,0.0,100.0,29.47826385498047
2024-03-29 17:50:37,15.699999809265137,68.0,11.362913131713867,1.0,0.0,0.0,0.0,0.0,100.0,29.47826385498047
2024-03-29 18:12:22,15.449999809265137,63.0,10.710943222045898,0.0,0.0,0.0,0.0,0.0,100.0,29.686359405517578
2024-03-29 18:49:29,15.449999809265137,63.0,10.710943222045898,0.0,0.0,0.0,0.0,0.0,100.0,29.686359405517578
2024-03-29 19:07:59,15.449999809265137,63.0,10.710943222045898,0.0,0.0,0.0,0.0,0.0,100.0,29.686359405517578
2024-03-29 19:48:47,16.299999237060547,55.0,11.420804023742676,0.0,0.0,0.0,0.0,0.0,100.0,28.58544921875
2024-03-29 20:11:03,16.299999237060547,55.0,11.420804023742676,0.0,0.0,0.0,0.0,0.0,100.0,28.58544921875
2024-03-29 20:48:57,16.600000381469727,53.0,12.791889190673828,0.0,0.0,0.0,0.0,0.0,100.0,20.80849838256836
2024-03-29 21:09:30,16.600000381469727,53.0,12.791889190673828,0.0,0.0,0.0,0.0,0.0,100.0,20.80849838256836
2024-03-29 21:48:54,16.600000381469727,53.0,12.791889190673828,0.0,0.0,0.0,0.0,0.0,100.0,20.80849838256836
2024-03-29 22:10:14,16.700000762939453,52.0,14.819536209106445,0.0,0.0,0.0,0.0,0.0,100.0,7.289444923400879
2024-03-29 22:49:09,16.700000762939453,52.0,14.819536209106445,0.0,0.0,0.0,0.0,0.0,100.0,7.289444923400879
2024-03-29 23:09:24,16.700000762939453,52.0,14.819536209106445,0.0,0.0,0.0,0.0,0.0,100.0,7.289444923400879
2024-03-29 23:49:02,14.149999618530273,61.0,12.779207229614258,0.0,0.0,0.0,0.0,0.0,100.0,3.7064266204833984
2024-03-30 00:41:38,14.149999618530273,61.0,12.779207229614258,0.0,0.0,0.0,0.0,0.0,100.0,3.7064266204833984
2024-03-30 01:33:53,10.699999809265137,78.0,9.298202514648438,0.0,0.0,0.0,0.0,0.0,100.0,4.379589080810547
2024-03-30 02:06:46,10.699999809265137,78.0,9.298202514648438,0.0,0.0,0.0,0.0,0.0,100.0,4.379589080810547
2024-03-30 02:49:10,10.399999618530273,80.0,9.23227596282959,0.0,0.0,0.0,0.0,0.0,100.0,2.9024126529693604
2024-03-30 03:14:09,10.399999618530273,80.0,9.23227596282959,0.0,0.0,0.0,0.0,0.0,100.0,2.9024126529693604
2024-03-30 03:49:30,9.899999618530273,83.0,8.734560012817383,0.0,0.0,0.0,0.0,0.0,100.0,2.9686360359191895
2024-03-30 04:11:29,9.899999618530273,83.0,8.734560012817383,0.0,0.0,0.0,0.0,0.0,100.0,2.9686360359191895
2024-03-30 04:49:07,9.899999618530273,83.0,8.734560012817383,0.0,0.0,0.0,0.0,0.0,100.0,2.9686360359191895
2024-03-30 05:10:21,7.849999904632568,99.0,6.7282257080078125,1.0,0.0,0.0,0.0,0.0,66.0,3.5999999046325684
2024-03-30 05:48:43,7.849999904632568,99.0,6.7282257080078125,1.0,0.0,0.0,0.0,0.0,66.0,3.5999999046325684
2024-03-30 06:12:23,8.800000190734863,92.0,7.590970039367676,1.0,0.0,0.0,0.0,0.0,100.0,3.976329803466797
2024-03-30 06:48:46,8.800000190734863,92.0,7.590970039367676,1.0,0.0,0.0,0.0,0.0,100.0,3.976329803466797
2024-03-30 07:10:36,8.800000190734863,92.0,7.590970039367676,1.0,0.0,0.0,0.0,0.0,100.0,3.976329803466797
2024-03-30 07:49:17,14.25,74.0,13.647829055786133,1.0,0.0,0.0,0.0,0.0,100.0,3.617955207824707
2024-03-30 08:13:50,14.25,74.0,13.647829055786133,1.0,0.0,0.0,0.0,0.0,100.0,3.617955207824707
2024-03-30 08:49:16,14.25,74.0,13.647829055786133,1.0,0.0,0.0,0.0,0.0,100.0,3.617955207824707
2024-03-30 09:09:37,19.700000762939453,43.0,17.45329475402832,1.0,0.0,0.0,0.0,0.0,84.0,11.609650611877441
2024-03-30 09:49:06,19.700000762939453,43.0,17.45329475402832,1.0,0.0,0.0,0.0,0.0,84.0,11.609650611877441
2024-03-30 10:10:25,20.549999237060547,40.0,18.190364837646484,1.0,0.0,0.0,0.0,0.0,54.0,15.542661666870117
2024-03-30 10:49:06,20.549999237060547,40.0,18.190364837646484,1.0,0.0,0.0,0.0,0.0,54.0,15.542661666870117
2024-03-30 11:09:19,20.549999237060547,40.0,18.190364837646484,1.0,0.0,0.0,0.0,0.0,54.0,15.542661666870117
2024-03-30 11:48:56,21.5,42.0,19.64052963256836,1.0,0.0,0.0,0.0,0.0,0.0,15.876774787902832
2024-03-30 12:15:45,21.5,42.0,19.64052963256836,1.0,0.0,0.0,0.0,0.0,0.0,15.876774787902832
2024-03-30 12:52:32,22.299999237060547,36.0,19.22688102722168,1.0,0.0,0.0,0.0,0.0,0.0,17.731597900390625
2024-03-30 13:12:14,22.299999237060547,36.0,19.22688102722168,1.0,0.0,0.0,0.0,0.0,0.0,17.731597900390625
2024-03-30 13:49:08,22.299999237060547,36.0,19.22688102722168,1.0,0.0,0.0,0.0,0.0,0.0,17.731597900390625
2024-03-30 14:08:37,22.299999237060547,36.0,19.303552627563477,1.0,0.0,0.0,0.0,0.0,97.0,14.471820831298828
2024-03-30 14:48:56,22.299999237060547,36.0,19.303552627563477,1.0,0.0,0.0,0.0,0.0,97.0,14.471820831298828
2024-03-30 15:11:20,22.049999237060547,40.0,19.590707778930664,1.0,0.0,0.0,0.0,0.0,77.0,12.964998245239258
2024-03-30 15:48:50,22.049999237060547,40.0,19.590707778930664,1.0,0.0,0.0,0.0,0.0,77.0,12.964998245239258
2024-03-30 16:12:45,21.25,42.0,19.31529998779297,1.0,0.0,0.0,0.0,0.0,0.0,9.36691951751709
2024-03-30 16:48:50,21.25,42.0,19.31529998779297,1.0,0.0,0.0,0.0,0.0,0.0,9.36691951751709
2024-03-30 17:08:30,21.25,42.0,19.31529998779297,1.0,0.0,0.0,0.0,0.0,0.0,9.36691951751709
2024-03-30 17:48:47,17.549999237060547,46.0,15.448905944824219,0.0,0.0,0.0,0.0,0.0,100.0,7.235910415649414
2024-03-30 18:13:15,17.549999237060547,46.0,15.448905944824219,0.0,0.0,0.0,0.0,0.0,100.0,7.235910415649414
2024-03-30 18:48:55,15.949999809265137,52.0,14.183401107788086,0.0,0.0,0.0,0.0,0.0,100.0,5.411986351013184
2024-03-30 19:08:30,15.949999809265137,52.0,14.183401107788086,0.0,0.0,0.0,0.0,0.0,100.0,5.411986351013184
2024-03-30 19:49:05,14.449999809265137,58.0,12.830698013305664,0.0,0.0,0.0,0.0,0.0,100.0,4.693825721740723
2024-03-30 20:09:43,14.449999809265137,58.0,12.830698013305664,0.0,0.0,0.0,0.0,0.0,100.0,4.693825721740723
2024-03-30 20:49:07,13.199999809265137,63.0,11.489996910095215,0.0,0.0,0.0,0.0,0.0,0.0,5.351784706115723
2024-03-30 21:08:33,13.199999809265137,63.0,11.489996910095215,0.0,0.0,0.0,0.0,0.0,0.0,5.351784706115723
2024-03-30 21:49:15,12.550000190734863,65.0,10.74333667755127,0.0,0.0,0.0,0.0,0.0,90.0,5.759999752044678
2024-03-30 22:10:09,12.550000190734863,65.0,10.74333667755127,0.0,0.0,0.0,0.0,0.0,90.0,5.759999752044678
2024-03-30 22:49:20,12.050000190734863,70.0,10.304793357849121,0.0,0.0,0.0,0.0,0.0,100.0,6.287129878997803
2024-03-30 23:10:01,12.050000190734863,70.0,10.304793357849121,0.0,0.0,0.0,0.0,0.0,100.0,6.287129878997803
2024-03-30 23:48:57,12.050000190734863,70.0,10.304793357849121,0.0,0.0,0.0,0.0,0.0,100.0,6.287129878997803
2024-03-31 00:47:48,11.5,68.0,8.673575401306152,0.0,0.0,0.0,0.0,0.0,100.0,12.218805313110352
2024-03-31 01:51:43,11.050000190734863,73.0,8.606822967529297,0.0,0.0,0.0,0.0,0.0,94.0,10.5142183303833
2024-03-31 02:20:39,11.050000190734863,73.0,8.606822967529297,0.0,0.0,0.0,0.0,0.0,94.0,10.5142183303833
2024-03-31 02:49:26,11.050000190734863,73.0,8.606822967529297,0.0,0.0,0.0,0.0,0.0,94.0,10.5142183303833
2024-03-31 03:11:30,11.649999618530273,67.0,8.795557022094727,0.0,0.0,0.0,0.0,0.0,100.0,12.303365707397461
2024-03-31 03:49:06,11.649999618530273,67.0,8.795557022094727,0.0,0.0,0.0,0.0,0.0,100.0,12.303365707397461
2024-03-31 04:13:54,11.5,68.0,8.54662036895752,0.0,0.0,0.0,0.0,0.0,100.0,13.089353561401367
2024-03-31 04:49:05,11.5,68.0,8.54662036895752,0.0,0.0,0.0,0.0,0.0,100.0,13.089353561401367
2024-03-31 05:10:05,11.5,68.0,8.54662036895752,0.0,0.0,0.0,0.0,0.0,100.0,13.089353561401367
2024-03-31 05:49:04,11.449999809265137,67.0,8.781694412231445,1.0,0.0,0.0,0.0,0.0,0.0,10.739832878112793
2024-03-31 06:12:38,11.449999809265137,67.0,8.781694412231445,1.0,0.0,0.0,0.0,0.0,0.0,10.739832878112793
2024-03-31 06:49:01,11.449999809265137,67.0,8.781694412231445,1.0,0.0,0.0,0.0,0.0,0.0,10.739832878112793
2024-03-31 07:10:11,14.149999618530273,62.0,12.075948715209961,1.0,0.0,0.0,0.0,0.0,8.0,8.91318130493164
2024-03-31 07:48:50,14.149999618530273,62.0,12.075948715209961,1.0,0.0,0.0,0.0,0.0,8.0,8.91318130493164
2024-03-31 08:12:44,15.75,56.0,12.649471282958984,1.0,0.0,0.0,0.0,0.0,100.0,15.978486061096191
2024-03-31 08:48:42,15.75,56.0,12.649471282958984,1.0,0.0,0.0,0.0,0.0,100.0,15.978486061096191
2024-03-31 09:10:16,15.75,56.0,12.649471282958984,1.0,0.0,0.0,0.0,0.0,100.0,15.978486061096191
2024-03-31 09:49:22,20.549999237060547,42.0,18.33697509765625,1.0,0.0,0.0,0.0,0.0,100.0,13.722564697265625
2024-03-31 10:10:30,20.549999237060547,42.0,18.33697509765625,1.0,0.0,0.0,0.0,0.0,100.0,13.722564697265625
2024-03-31 10:49:04,20.549999237060547,42.0,18.33697509765625,1.0,0.0,0.0,0.0,0.0,100.0,13.722564697265625
2024-03-31 11:08:57,21.25,39.0,18.08464241027832,1.0,0.0,0.0,0.0,0.0,100.0,17.238698959350586
2024-03-31 11:49:02,21.25,39.0,18.08464241027832,1.0,0.0,0.0,0.0,0.0,100.0,17.238698959350586
2024-03-31 12:16:29,21.450000762939453,40.0,18.354225158691406,1.0,0.0,0.0,0.0,0.0,100.0,16.422470092773438
2024-03-31 12:53:39,21.450000762939453,40.0,18.354225158691406,1.0,0.0,0.0,0.0,0.0,100.0,16.422470092773438
2024-03-31 13:11:47,21.450000762939453,40.0,18.354225158691406,1.0,0.0,0.0,0.0,0.0,100.0,16.422470092773438
2024-03-31 13:49:19,19.0,53.0,15.99844741821289,1.0,0.0,0.0,0.0,0.0,100.0,19.16133689880371
2024-03-31 14:08:52,19.0,53.0,15.99844741821289,1.0,0.0,0.0,0.0,0.0,100.0,19.16133689880371
2024-03-31 14:49:12,19.0,53.0,15.99844741821289,1.0,0.0,0.0,0.0,0.0,100.0,19.16133689880371
2024-03-31 15:08:59,18.950000762939453,53.0,15.765958786010742,1.0,0.0,0.0,0.0,0.0,0.0,20.326454162597656
2024-03-31 15:48:49,18.950000762939453,53.0,15.765958786010742,1.0,0.0,0.0,0.0,0.0,0.0,20.326454162597656
2024-03-31 16:10:54,18.25,58.0,16.586566925048828,1.0,0.0,0.0,0.0,0.0,85.0,11.212135314941406
2024-03-31 16:49:11,18.25,58.0,16.586566925048828,1.0,0.0,0.0,0.0,0.0,85.0,11.212135314941406
2024-03-31 17:09:46,18.25,58.0,16.586566925048828,1.0,0.0,0.0,0.0,0.0,85.0,11.212135314941406
2024-03-31 17:49:06,16.200000762939453,66.0,13.414344787597656,0.0,0.0,0.0,0.0,0.0,100.0,18.89914321899414
2024-03-31 18:12:05,16.200000762939453,66.0,13.414344787597656,0.0,0.0,0.0,0.0,0.0,100.0,18.89914321899414
2024-03-31 18:48:49,16.200000762939453,66.0,13.414344787597656,0.0,0.0,0.0,0.0,0.0,100.0,18.89914321899414
2024-03-31 19:09:00,15.75,65.0,13.311511993408203,0.0,0.0,0.0,0.0,0.0,100.0,15.273505210876465
2024-03-31 19:49:13,15.75,65.0,13.311511993408203,0.0,0.0,0.0,0.0,0.0,100.0,15.273505210876465
2024-03-31 20:11:04,15.800000190734863,64.0,13.747550964355469,0.0,0.0,0.0,0.0,0.0,100.0,12.287554740905762
2024-03-31 20:49:02,15.800000190734863,64.0,13.747550964355469,0.0,0.0,0.0,0.0,0.0,100.0,12.287554740905762
2024-03-31 21:08:23,15.800000190734863,64.0,13.747550964355469,0.0,0.0,0.0,0.0,0.0,100.0,12.287554740905762
2024-03-31 21:49:03,14.25,76.0,12.699357986450195,0.0,0.0,0.0,0.0,0.0,100.0,10.895576477050781
2024-03-31 22:10:03,14.25,76.0,12.699357986450195,0.0,0.0,0.0,0.0,0.0,100.0,10.895576477050781
2024-03-31 22:49:02,14.25,76.0,12.699357986450195,0.0,0.0,0.0,0.0,0.0,100.0,10.895576477050781
2024-03-31 23:09:26,14.149999618530273,77.0,13.220588684082031,0.0,0.0,0.0,0.0,0.0,100.0,6.830519199371338
2024-03-31 23:48:57,14.149999618530273,77.0,13.220588684082031,0.0,0.0,0.0,0.0,0.0,100.0,6.830519199371338
2024-04-01 00:48:36,14.300000190734863,75.0,11.533455848693848,0.0,0.0,0.0,0.0,0.0,100.0,18.94024085998535
2024-04-01 01:55:24,13.899999618530273,76.0,11.193674087524414,0.0,0.0,0.0,0.0,0.0,99.0,18.161277770996094
2024-04-01 02:25:38,13.899999618530273,76.0,11.193674087524414,0.0,0.0,0.0,0.0,0.0,99.0,18.161277770996094
2024-04-01 02:49:03,13.899999618530273,76.0,11.193674087524414,0.0,0.0,0.0,0.0,0.0,99.0,18.161277770996094
2024-04-01 03:11:46,13.5,78.0,10.703102111816406,0.0,0.0,0.0,0.0,0.0,78.0,18.782203674316406
2024-04-01 03:49:05,13.5,78.0,10.703102111816406,0.0,0.0,0.0,0.0,0.0,78.0,18.782203674316406
2024-04-01 04:12:58,13.25,81.0,10.865827560424805,0.0,0.0,0.0,0.0,0.0,96.0,16.57564353942871
2024-04-01 04:49:20,13.25,81.0,10.865827560424805,0.0,0.0,0.0,0.0,0.0,96.0,16.57564353942871
2024-04-01 05:11:02,13.25,81.0,10.865827560424805,0.0,0.0,0.0,0.0,0.0,96.0,16.57564353942871
2024-04-01 05:49:13,15.5,69.0,12.807929992675781,1.0,0.0,0.0,0.0,0.0,100.0,18.250259399414062
2024-04-01 06:14:05,15.5,69.0,12.807929992675781,1.0,0.0,0.0,0.0,0.0,100.0,18.250259399414062
2024-04-01 06:49:02,15.5,69.0,12.807929992675781,1.0,0.0,0.0,0.0,0.0,100.0,18.250259399414062
2024-04-01 07:09:59,17.049999237060547,59.0,14.658470153808594,1.0,0.0,0.0,0.0,0.0,100.0,14.5610990524292
2024-04-01 07:48:54,17.049999237060547,59.0,14.658470153808594,1.0,0.0,0.0,0.0,0.0,100.0,14.5610990524292
2024-04-01 08:14:40,21.149999618530273,36.0,19.24689483642578,1.0,0.0,0.0,0.0,0.0,100.0,5.411986351013184
2024-04-01 08:49:11,21.149999618530273,36.0,19.24689483642578,1.0,0.0,0.0,0.0,0.0,100.0,5.411986351013184
2024-04-01 09:11:53,21.149999618530273,36.0,19.24689483642578,1.0,0.0,0.0,0.0,0.0,100.0,5.411986351013184
2024-04-01 09:49:04,22.649999618530273,41.0,20.458248138427734,1.0,0.0,0.0,0.0,0.0,64.0,17.373497009277344
2024-04-01 10:12:12,22.649999618530273,41.0,20.458248138427734,1.0,0.0,0.0,0.0,0.0,64.0,17.373497009277344
2024-04-01 10:49:07,23.399999618530273,39.0,21.056427001953125,1.0,0.0,0.0,0.0,0.0,40.0,20.15999984741211
2024-04-01 11:10:35,23.399999618530273,39.0,21.056427001953125,1.0,0.0,0.0,0.0,0.0,40.0,20.15999984741211
2024-04-01 11:49:00,23.399999618530273,39.0,21.056427001953125,1.0,0.0,0.0,0.0,0.0,40.0,20.15999984741211
2024-04-01 12:18:54,24.799999237060547,33.0,22.033409118652344,1.0,0.0,0.0,0.0,0.0,6.0,19.586116790771484
2024-04-01 12:56:11,24.799999237060547,33.0,22.033409118652344,1.0,0.0,0.0,0.0,0.0,6.0,19.586116790771484
2024-04-01 13:10:34,24.799999237060547,33.0,22.033409118652344,1.0,0.0,0.0,0.0,0.0,6.0,19.586116790771484
2024-04-01 13:48:54,23.950000762939453,35.0,19.79966163635254,1.0,0.0,0.0,0.0,0.0,18.0,24.912935256958008
2024-04-01 14:09:56,23.950000762939453,35.0,19.79966163635254,1.0,0.0,0.0,0.0,0.0,18.0,24.912935256958008
2024-04-01 14:49:01,22.149999618530273,40.0,16.849817276000977,1.0,0.0,0.0,0.0,0.0,0.0,32.599388122558594
2024-04-01 15:11:03,22.149999618530273,40.0,16.849817276000977,1.0,0.0,0.0,0.0,0.0,0.0,32.599388122558594
2024-04-01 15:49:02,20.649999618530273,47.0,16.6862850189209,1.0,0.0,0.0,0.0,0.0,0.0,25.264202117919922
2024-04-01 16:13:41,20.649999618530273,47.0,16.6862850189209,1.0,0.0,0.0,0.0,0.0,0.0,25.264202117919922
2024-04-01 16:48:57,20.649999618530273,47.0,16.6862850189209,1.0,0.0,0.0,0.0,0.0,0.0,25.264202117919922
2024-04-01 17:11:50,18.25,52.0,16.73363494873047,1.0,0.0,0.0,0.0,0.0,100.0,7.208993911743164
2024-04-01 17:49:34,18.25,52.0,16.73363494873047,1.0,0.0,0.0,0.0,0.0,100.0,7.208993911743164
2024-04-01 18:12:34,14.699999809265137,56.0,10.302164077758789,0.0,0.0,0.0,0.0,0.0,100.0,23.31955337524414
2024-04-01 18:49:03,14.699999809265137,56.0,10.302164077758789,0.0,0.0,0.0,0.0,0.0,100.0,23.31955337524414
2024-04-01 19:08:22,14.699999809265137,56.0,10.302164077758789,0.0,0.0,0.0,0.0,0.0,100.0,23.31955337524414
2024-04-01 19:48:58,12.5,65.0,10.389272689819336,0.0,0.20000000298023224,0.0,0.0,0.0,100.0,7.771330833435059
2024-04-01 20:11:08,12.5,65.0,10.389272689819336,0.0,0.20000000298023224,0.0,0.0,0.0,100.0,7.771330833435059
2024-04-01 20:50:22,12.149999618530273,66.0,10.161050796508789,0.0,0.10000000149011612,0.30000001192092896,0.0,0.0,100.0,6.7637858390808105
2024-04-01 21:09:32,12.149999618530273,66.0,10.161050796508789,0.0,0.10000000149011612,0.30000001192092896,0.0,0.0,100.0,6.7637858390808105
2024-04-01 21:49:37,12.149999618530273,66.0,10.161050796508789,0.0,0.10000000149011612,0.30000001192092896,0.0,0.0,100.0,6.7637858390808105
2024-04-01 22:10:16,11.5,74.0,9.141595840454102,0.0,0.0,0.20000000298023224,0.0,0.0,100.0,10.948972702026367
2024-04-01 22:49:01,11.5,74.0,9.141595840454102,0.0,0.0,0.20000000298023224,0.0,0.0,100.0,10.948972702026367
2024-04-01 23:12:09,10.5,79.0,9.02080249786377,0.0,0.0,0.10000000149011612,0.0,0.0,100.0,4.896529674530029
2024-04-01 23:49:09,10.5,79.0,9.02080249786377,0.0,0.0,0.10000000149011612,0.0,0.0,100.0,4.896529674530029
2024-04-02 00:45:08,10.25,82.0,9.175189018249512,0.0,0.0,0.20000000298023224,0.0,0.0,100.0,2.6208393573760986
